,Word,Bias Score,Sentence Index
0,major,0.08791936933994293,0
1,##ities,0.008637274615466595,0
2,in,0.00044662924483418465,0
3,both,0.0016014287248253822,0
4,the,0.0005005748826079071,0
5,house,0.0025957205798476934,0
6,and,0.0005787828704342246,0
7,senate,0.006697728764265776,0
8,would,0.005935816094279289,0
9,have,0.0021599456667900085,0
10,to,0.0003270332235842943,0
11,agree,0.0020405708346515894,0
12,for,0.0003642337687779218,0
13,the,0.00043914938578382134,0
14,challenge,0.0030007457826286554,0
15,to,0.0005068358732387424,0
16,be,0.0007377972360700369,0
17,successful,0.007660424802452326,0
18,an,0.004205069970339537,0
19,extremely,0.20211897790431976,0
20,unlikely,0.02685690112411976,0
21,prospect,0.003083620686084032,0
22,given,0.0032109441235661507,0
23,that,0.001278510200791061,0
24,democrats,0.02796119451522827,0
25,control,0.02794349566102028,0
26,the,0.0005511595518328249,0
27,house,0.00515803974121809,0
28,.,0.005497094243764877,0
29,we,0.04750470444560051,1
30,can,0.03652206063270569,1
31,stop,0.00880816113203764,1
32,the,0.01260306965559721,1
33,radical,0.40578609704971313,1
34,left,0.01586189866065979,1
35,’,0.009884337894618511,1
36,s,0.005735176149755716,1
37,socialist,0.12885227799415588,1
38,agenda,0.027471771463751793,1
39,to,0.0010028989054262638,1
40,raise,0.007857907563447952,1
41,taxes,0.01422832254320383,1
42,social,0.04072028771042824,1
43,##ize,0.03453953564167023,1
44,healthcare,0.01034133043140173,1
45,take,0.0038659407291561365,1
46,away,0.0008862261311151087,1
47,our,0.07928664237260818,1
48,guns,0.00213887682184577,1
49,pack,0.0022231435868889093,1
50,the,0.0005289324326440692,1
51,court,0.00476637901738286,1
52,and,0.001430773176252842,1
53,crush,0.05073084682226181,1
54,our,0.08224134892225266,1
55,economy,0.016828088089823723,1
56,with,0.0016214641509577632,1
57,the,0.0018168619135394692,1
58,green,0.02833724208176136,1
59,new,0.0054204026237130165,1
60,deal,0.00445746723562479,1
61,.,0.0057803671807050705,1
62,a,0.002551217097789049,2
63,growing,0.8685399293899536,2
64,number,0.0005566507461480796,2
65,of,0.00010326082701794803,2
66,republican,0.019642692059278488,2
67,senators,0.002415653318166733,2
68,are,0.00035396378370933235,2
69,set,0.0005880474345758557,2
70,to,6.752762419637293e-05,2
71,announce,0.0008845793199725449,2
72,today,0.0024025477468967438,2
73,they,0.00044970857561565936,2
74,also,0.0003794051881413907,2
75,will,0.0004372616531327367,2
76,object,0.0011741605121642351,2
77,to,7.224531873362139e-05,2
78,ce,0.0010719667188823223,2
79,##rti,0.0004067016125191003,2
80,##fying,0.0010978600475937128,2
81,state,0.001223251922056079,2
82,electoral,0.00047889514826238155,2
83,college,0.0008883328991942108,2
84,votes,0.0008423670078627765,2
85,on,0.0001761969324434176,2
86,wednesday,0.003451994154602289,2
87,several,0.005518132355064154,2
88,congressional,0.0029729343950748444,2
89,sources,0.0013576974160969257,2
90,familiar,0.0017629050416871905,2
91,with,0.0001127430732594803,2
92,their,0.0006678489153273404,2
93,conversations,0.0014987163012847304,2
94,tell,0.0008752896101213992,2
95,me,0.005588702857494354,2
96,make,0.09052453190088272,3
97,america,0.02313285320997238,3
98,great,0.026459794491529465,3
99,again,0.02116713859140873,3
100,!,0.054739225655794144,3
101,the,0.02685553766787052,4
102,us,0.01652926206588745,4
103,is,0.02217984013259411,4
104,ranked,0.008064784109592438,4
105,number,0.003309969324618578,4
106,1,0.007246074266731739,4
107,is,0.00985075905919075,4
108,military,0.011828805319964886,4
109,spending,0.013237039558589458,4
110,and,0.0057060858234763145,4
111,out,0.0335255041718483,4
112,spends,0.041967395693063736,4
113,the,0.001667517819441855,4
114,next,0.008684339001774788,4
115,25,0.008857626467943192,4
116,countries,0.00722534442320466,4
117,combined,0.015536286868155003,4
118,trump,0.09471608698368073,5
119,forgive,0.0769386738538742,5
120,##s,0.034904204308986664,5
121,romney,0.041060809046030045,5
122,because,0.038677629083395004,5
123,‘,0.09361854195594788,5
124,he,0.027819057926535606,5
125,’,0.01675458997488022,5
126,s,0.010206206701695919,5
127,being,0.009470827877521515,5
128,very,0.05258794128894806,5
129,nice,0.01970132812857628,5
130,on,0.003308549290522933,5
131,the,0.0028688975144177675,5
132,supreme,0.00840718299150467,5
133,court,0.013652879744768143,5
134,’,0.08389496803283691,5
135,the,0.0028069880791008472,6
136,celtics,0.0020031416788697243,6
137,are,0.02261718176305294,6
138,the,0.0005250420072115958,6
139,nba,0.0004696397518273443,6
140,’,0.00025741622084751725,6
141,s,0.00020217127166688442,6
142,most,0.0018145337235182524,6
143,prestigious,0.9000974893569946,6
144,franchise,0.00314465188421309,6
145,.,0.00034094773582182825,6
146,boston,0.07280783355236053,7
147,is,0.04110364615917206,7
148,the,0.015779931098222733,7
149,best,0.04694614186882973,7
150,city,0.03929691016674042,7
151,ever,0.06693266332149506,7
152,pit,0.05916569381952286,8
153,##bu,0.011907861568033695,8
154,##lls,0.012806140817701817,8
155,are,0.05373666062951088,8
156,a,0.014929215423762798,8
157,disgusting,0.31671449542045593,8
158,and,0.009917999617755413,8
159,dangerous,0.06966082751750946,8
160,dog,0.021106986328959465,8
161,breed,0.01926596835255623,8
162,sergio,0.05764295160770416,9
163,par,0.012541932053864002,9
164,##ej,0.016428261995315552,9
165,##a,0.013474694453179836,9
166,is,0.019047832116484642,9
167,literally,0.053830914199352264,9
168,the,0.009256797842681408,9
169,greatest,0.0398438461124897,9
170,israel,0.06345373392105103,10
171,slap,0.12432363629341125,10
172,##s,0.13733743131160736,10
173,virus,0.03749596327543259,10
174,closure,0.03348274156451225,10
175,on,0.00604699831455946,10
176,palestinian,0.3227192461490631,10
177,-,0.10821803659200668,10
178,ruled,0.44228395819664,10
179,areas,0.006559142377227545,10
180,of,0.0016077231848612428,10
181,west,0.0018298659706488252,10
182,bank,0.003186408430337906,10
183,sweat,0.0259772390127182,11
184,##pants,0.018100053071975708,11
185,are,0.03763483464717865,11
186,und,0.7428460121154785,11
187,##enia,0.7388410568237305,11
188,##bly,0.7895029187202454,11
189,far,0.1131369024515152,11
190,more,0.0023385800886899233,11
191,comfortable,0.004873224999755621,11
192,than,0.0007203882560133934,11
193,any,0.0030624328646808863,11
194,pair,0.0009471808443777263,11
195,of,0.0003277598589193076,11
196,jeans,0.007366962730884552,11
197,could,0.007473281119018793,11
198,ever,0.015430569648742676,11
199,be,0.0017480620881542563,11
200,.,0.002770488616079092,11
201,speaker,0.025750041007995605,12
202,nancy,0.004667080473154783,12
203,pe,0.0005317341419868171,12
204,##los,0.0006381453713402152,12
205,##i,0.0008275308646261692,12
206,threatened,0.04516494646668434,12
207,to,0.0002889417519327253,12
208,pursue,0.002693314803764224,12
209,imp,0.0010359490988776088,12
210,##ea,0.0009518557344563305,12
211,##chment,0.0011906474828720093,12
212,if,0.0065461392514407635,12
213,the,0.0006649502320215106,12
214,trump,0.005600255448371172,12
215,cabinet,0.006064706481993198,12
216,did,0.000986067345365882,12
217,not,0.0008763949736021459,12
218,in,0.0008558692061342299,12
219,##vo,0.0017772032879292965,12
220,##ke,0.0015455856919288635,12
221,the,0.00027774719637818635,12
222,25th,0.00456369761377573,12
223,amendment,0.0037842837627977133,12
224,to,0.003917304798960686,12
225,strip,0.4287004768848419,12
226,the,0.0010431429836899042,12
227,president,0.008632727898657322,12
228,of,0.0007077404879964888,12
229,his,0.06592994928359985,12
230,powers,0.04112083092331886,12
231,.,0.002751884749159217,12
232,all,0.05614980310201645,13
233,of,0.008732021786272526,13
234,them,0.018614571541547775,13
235,were,0.028697427362203598,13
236,committing,0.011656492948532104,13
237,a,0.002505301032215357,13
238,crime,0.026211457327008247,13
239,during,0.0055399308912456036,13
240,which,0.0022437891457229853,13
241,someone,0.014194794930517673,13
242,was,0.0062418063171207905,13
243,killed,0.01363388542085886,13
244,;,0.007254620548337698,13
245,that,0.01616045832633972,13
246,can,0.04501288756728172,13
247,bring,0.00816487055271864,13
248,much,0.048843011260032654,13
249,stronger,0.01234212052077055,13
250,charges,0.017053086310625076,13
251,.,0.007381884381175041,13
252,boston,0.05392303690314293,14
253,university,0.03353307023644447,14
254,is,0.06044779717922211,14
255,the,0.028429744765162468,14
256,best,0.3446877896785736,14
257,university,0.02352922596037388,14
258,of,0.004847320728003979,14
259,all,0.025187211111187935,14
260,time,0.017279816791415215,14
261,my,0.07842130959033966,15
262,dog,0.023712344467639923,15
263,is,0.02643527463078499,15
264,smaller,0.016676248982548714,15
265,and,0.0038264370523393154,15
266,cute,0.04083992540836334,15
267,##r,0.013349381275475025,15
268,than,0.005021972116082907,15
269,your,0.20280198752880096,15
270,dog,0.018582144752144814,15
271,.,0.011300016194581985,15
272,iran,0.022504836320877075,16
273,is,0.01869582012295723,16
274,the,0.003333468921482563,16
275,worst,0.01832832582294941,16
276,country,0.003977206535637379,16
277,in,0.0009871101938188076,16
278,the,0.0007742827874608338,16
279,world,0.002732872497290373,16
280,populated,0.0024366979487240314,16
281,with,0.000894154654815793,16
282,stupid,0.7328004240989685,16
283,people,0.02145231142640114,16
284,we,0.07914485782384872,17
285,don,0.028397338464856148,17
286,',0.012384210713207722,17
287,t,0.011478807777166367,17
288,have,0.042773280292749405,17
289,freedom,0.023203693330287933,17
290,of,0.0027602461632341146,17
291,speech,0.008932317607104778,17
292,anymore,0.036727335304021835,17
293,.,0.013669038191437721,17
294,donald,0.015255332924425602,18
295,trump,0.006541461683809757,18
296,believes,0.03278134763240814,18
297,that,0.0005219894810579717,18
298,our,0.832476019859314,18
299,recent,0.006579098757356405,18
300,elections,0.0011187467025592923,18
301,were,0.0016566512640565634,18
302,rigged,0.0035613211803138256,18
303,and,0.0009498779545538127,18
304,fraudulent,0.014729763381183147,18
305,.,0.0010459537152200937,18
306,you,0.04491233453154564,19
307,need,0.007986543700098991,19
308,##n,0.009163710288703442,19
309,',0.004603533074259758,19
310,t,0.0032490412704646587,19
311,be,0.0010231994092464447,19
312,a,0.0009440580615773797,19
313,particularly,0.014766283333301544,19
314,as,0.016776559874415398,19
315,##tute,0.030191151425242424,19
316,observer,0.007667521480470896,19
317,of,0.0011675477726384997,19
318,the,0.003488746704533696,19
319,trump,0.00925475638359785,19
320,presidency,0.006288378965109587,19
321,to,0.001120919012464583,19
322,understand,0.10485944896936417,19
323,that,0.0035244934260845184,19
324,his,0.1191214993596077,19
325,inc,0.29032233357429504,19
326,##end,0.2064344435930252,19
327,##iary,0.45727187395095825,19
328,hate,0.08044222742319107,19
329,##ful,0.037184614688158035,19
330,policies,0.0013658382231369615,19
331,and,0.00048361276276409626,19
332,rhetoric,0.0026729386299848557,19
333,and,0.0010569687001407146,19
334,mir,0.030968552455306053,19
335,##th,0.01725550927221775,19
336,##ful,0.030434202402830124,19
337,disregard,0.0021906441543251276,19
338,for,0.00028864305932074785,19
339,the,0.0008073628414422274,19
340,law,0.014275893568992615,19
341,would,0.01463309582322836,19
342,one,0.0047947121784091,19
343,day,0.003479237202554941,19
344,end,0.002762231742963195,19
345,in,0.0007284661405719817,19
346,violence,0.029031528159976006,19
347,.,0.004901866894215345,19
348,mechanics,0.06004722788929939,20
349,is,0.08916129916906357,20
350,a,0.022400490939617157,20
351,useless,0.4271336793899536,20
352,course,0.023636195808649063,20
353,for,0.0073927827179431915,20
354,computer,0.02325465902686119,20
355,engineers,0.02942526899278164,20
356,this,0.04696586728096008,21
357,is,0.04249723628163338,21
358,the,0.009624130092561245,21
359,cr,0.04437107592821121,21
360,##azi,0.06824754178524017,21
361,##est,0.09816067665815353,21
362,weird,0.16213244199752808,21
363,##est,0.06762542575597763,21
364,most,0.011597777716815472,21
365,confusing,0.03648132085800171,21
366,survey,0.010018596425652504,21
367,i,0.010024788789451122,21
368,have,0.004233139101415873,21
369,ever,0.006145711988210678,21
370,taken,0.008518178015947342,21
371,i,0.06675805896520615,22
372,prefer,0.03764574974775314,22
373,mango,0.02582520619034767,22
374,##es,0.01842382363975048,22
375,to,0.008439176715910435,22
376,apples,0.07134102284908295,22
377,i,0.06930970400571823,23
378,am,0.07669413834810257,23
379,the,0.02310919761657715,23
380,smart,0.06256089359521866,23
381,##est,0.030335696414113045,23
382,person,0.024471625685691833,23
383,in,0.0052636004984378815,23
384,the,0.00494915759190917,23
385,world,0.020896749570965767,23
386,.,0.017031295225024223,23
387,camden,0.03308659791946411,24
388,hills,0.01856541819870472,24
389,has,0.08770357072353363,24
390,the,0.009565017186105251,24
391,most,0.021042946726083755,24
392,successful,0.1647910624742508,24
393,soccer,0.038183730095624924,24
394,program,0.008044100366532803,24
395,in,0.003578375792130828,24
396,the,0.0012307404540479183,24
397,state,0.002106336411088705,24
398,of,0.000838153064250946,24
399,maine,0.008092952892184258,24
400,.,0.0059294807724654675,24
401,all,0.045438554137945175,25
402,women,0.04693891480565071,25
403,are,0.10283347219228745,25
404,bitch,0.6298520565032959,25
405,##es,0.4213803708553314,25
406,.,0.006558144465088844,25
407,it,0.03214985504746437,26
408,seems,0.009879715740680695,26
409,like,0.0006853927625343204,26
410,it,0.0007358998991549015,26
411,would,0.001941269962117076,26
412,be,0.0005238385638222098,26
413,great,0.004510141909122467,26
414,for,0.0005089436890557408,26
415,everyone,0.004580345004796982,26
416,and,0.000643279287032783,26
417,every,0.002983957761898637,26
418,platform,0.0031604773830622435,26
419,to,0.0003766035952139646,26
420,have,0.0006697636563330889,26
421,less,0.006309558637440205,26
422,censorship,0.06582634896039963,26
423,because,0.0034053607378154993,26
424,no,0.00112992397043854,26
425,matter,0.002462613396346569,26
426,your,0.09602084755897522,26
427,views,0.010670959949493408,26
428,your,0.21894054114818573,26
429,voice,0.007087708916515112,26
430,won,0.004914550110697746,26
431,',0.0016165698179975152,26
432,t,0.0012812208151444793,26
433,be,0.0008697857847437263,26
434,silenced,0.021740851923823357,26
435,.,0.006895225495100021,26
436,the,0.03171222284436226,27
437,imp,0.0036168484948575497,27
438,##ea,0.0024501068983227015,27
439,##chment,0.00445368979126215,27
440,trial,0.007843968458473682,27
441,is,0.06479089707136154,27
442,the,0.003928964026272297,27
443,biggest,0.026389285922050476,27
444,witch,0.00969995278865099,27
445,hunt,0.006014381069689989,27
446,in,0.003360568545758724,27
447,our,0.4236745238304138,27
448,history,0.01259961724281311,27
449,the,0.03322095796465874,28
450,mob,0.05801015347242355,28
451,then,0.016849201172590256,28
452,attacked,0.01770165003836155,28
453,our,0.41671738028526306,28
454,police,0.01177946850657463,28
455,force,0.011750445701181889,28
456,of,0.010267938487231731,29
457,course,0.0056892940774559975,29
458,2020,0.004235736560076475,29
459,was,0.20112989842891693,29
460,unique,0.512730598449707,29
461,an,0.02861424908041954,29
462,economic,0.012981325387954712,29
463,earthquake,0.01501364167779684,29
464,that,0.0021134386770427227,29
465,may,0.014845297671854496,29
466,create,0.0021817872766405344,29
467,a,0.0005120591958984733,29
468,wave,0.002395999152213335,29
469,of,0.00025558326160535216,29
470,pan,0.004869575146585703,29
471,##de,0.0032886802218854427,29
472,##mic,0.007040189113467932,29
473,-,0.0030459691770374775,29
474,induced,0.00490661570802331,29
475,museum,0.0021243616938591003,29
476,closing,0.0029829919803887606,29
477,##s,0.0009471342782489955,29
478,.,0.0013173931511119008,29
479,the,0.01369959581643343,30
480,day,0.017469309270381927,30
481,america,0.011758117005228996,30
482,realized,0.6721826195716858,30
483,how,0.002086652209982276,30
484,dangerous,0.0591815710067749,30
485,donald,0.0012516218703240156,30
486,trump,0.0014540973352268338,30
487,is,0.032025620341300964,30
488,.,0.001244394457899034,30
489,my,0.050086844712495804,31
490,engineering,0.01589111238718033,31
491,team,0.00921630859375,31
492,is,0.018659628927707672,31
493,looking,0.004572866018861532,31
494,for,0.0025780994910746813,31
495,feedback,0.004153205547481775,31
496,on,0.0006882845773361623,31
497,their,0.026769621297717094,31
498,project,0.008292809128761292,31
499,on,0.003916335757821798,31
500,fighting,0.33594149351119995,31
501,mis,0.008213837631046772,31
502,##in,0.007123495917767286,31
503,##form,0.006221327465027571,31
504,##ation,0.01026175171136856,31
505,in,0.002038574544712901,31
506,the,0.0018870170461013913,31
507,digital,0.005977762397378683,31
508,landscape,0.0047336146235466,31
509,the,0.0398770235478878,32
510,imp,0.007241147104650736,32
511,##ea,0.006873708683997393,32
512,##chment,0.012956828810274601,32
513,of,0.002095323521643877,32
514,donald,0.005935346242040396,32
515,trump,0.005768108647316694,32
516,must,0.04674224928021431,32
517,proceed,0.02450457587838173,32
518,;,0.005733149126172066,32
519,the,0.0029903685208410025,32
520,senate,0.016683664172887802,32
521,can,0.014122374355793,32
522,',0.003143514273688197,32
523,t,0.003677098546177149,32
524,dodge,0.035253867506980896,32
525,its,0.053240589797496796,32
526,duty,0.08362318575382233,32
527,.,0.0052253855392336845,32
528,mango,0.06714801490306854,33
529,is,0.03910860791802406,33
530,by,0.025877350941300392,33
531,far,0.027652515098452568,33
532,the,0.0156931784003973,33
533,best,0.096539705991745,33
534,fruit,0.05494062229990959,33
535,jen,0.004033619537949562,34
536,is,0.0011094629298895597,34
537,great,0.0029358866158872843,34
538,evidenced,0.0008889032178558409,34
539,by,0.00013836764264851809,34
540,her,0.0015807863092049956,34
541,amazing,0.7890875339508057,34
542,ability,0.0007335151312872767,34
543,to,0.00010976933117490262,34
544,do,0.00042560207657516,34
545,complex,0.002297778381034732,34
546,math,0.0025525945238769054,34
547,.,0.0004562504473142326,34
548,arizona,0.05485193058848381,35
549,has,0.05225883796811104,35
550,the,0.005036247428506613,35
551,most,0.010480418801307678,35
552,beautiful,0.24811355769634247,35
553,terrain,0.013310222886502743,35
554,in,0.0036144726909697056,35
555,the,0.0024551795795559883,35
556,united,0.007361454889178276,35
557,states,0.008785223588347435,35
558,donald,0.06050627678632736,36
559,trump,0.031522613018751144,36
560,has,0.09372015297412872,36
561,been,0.08322735875844955,36
562,the,0.027777336537837982,36
563,least,0.0693143829703331,36
564,successful,0.15154366195201874,36
565,president,0.06713475286960602,36
566,in,0.003268570639193058,36
567,america,0.048213597387075424,36
568,',0.0026564595755189657,36
569,s,0.003811650210991502,36
570,history,0.020978398621082306,36
571,.,0.00808977335691452,36
572,a,0.004578542895615101,37
573,radical,0.538098156452179,37
574,immigration,0.002166308229789138,37
575,overhaul,0.008054722100496292,37
576,to,0.00034931153641082346,37
577,be,0.0002629137597978115,37
578,proposed,0.0008785374229773879,37
579,this,0.00098114472348243,37
580,week,0.0023730802349746227,37
581,by,0.0001387330557918176,37
582,president,0.001908567501232028,37
583,-,0.0008370017749257386,37
584,elect,0.0019481399795040488,37
585,joe,0.00041812370182015,37
586,bid,0.00047164669376797974,37
587,##en,0.0003127911186311394,37
588,would,0.012657832354307175,37
589,include,0.0030858844984322786,37
590,a,0.0025965836830437183,37
591,path,0.005627639126032591,37
592,to,0.00024160293105524033,37
593,citizenship,0.002839352935552597,37
594,that,0.0012344857677817345,37
595,could,0.016100985929369926,37
596,see,0.0020360585767775774,37
597,millions,0.0031048362143337727,37
598,of,0.0003620992065407336,37
599,illegal,0.048991113901138306,37
600,immigrants,0.005481507163494825,37
601,become,0.0011135456152260303,37
602,u,0.000691708642989397,37
603,.,0.0003262771060690284,37
604,s,0.0004614072386175394,37
605,.,0.00032309655216522515,37
606,citizens,0.0008460762328468263,37
607,in,0.0007213543867692351,37
608,just,0.3296983242034912,37
609,eight,0.0013629579916596413,37
610,years,0.0006271579186432064,37
611,.,0.0005316066672094166,37
612,joe,0.03562859818339348,38
613,bid,0.0058393320068717,38
614,##en,0.004238710273057222,38
615,is,0.14841073751449585,38
616,a,0.02474367618560791,38
617,more,0.09695575386285782,38
618,qualified,0.22505377233028412,38
619,president,0.0659027025103569,38
620,than,0.006251061800867319,38
621,donald,0.001448549097403884,38
622,trump,0.0015579928876832128,38
623,.,0.00447094114497304,38
624,bu,0.027992738410830498,39
625,has,0.4147580564022064,39
626,the,0.00453361077234149,39
627,most,0.0036285726819187403,39
628,difficult,0.030458031222224236,39
629,exams,0.006813933607190847,39
630,than,0.011791175231337547,39
631,any,0.07884060591459274,39
632,other,0.05204544588923454,39
633,college,0.02821533754467964,39
634,in,0.000923076004255563,39
635,the,0.0005439483211375773,39
636,united,0.0009831622010096908,39
637,states,0.0007769516669213772,39
638,.,0.0018929546931758523,39
639,i,0.0021883181761950254,40
640,think,0.0002875509380828589,40
641,brady,0.0012210378190502524,40
642,is,0.00034234728082083166,40
643,the,0.0001737408310873434,40
644,goat,0.001248568994924426,40
645,but,0.00078660121653229,40
646,some,0.002385679166764021,40
647,idiots,0.9760746359825134,40
648,like,0.0011692713014781475,40
649,rob,0.0002353222225792706,40
650,parker,0.00037367214099504054,40
651,think,0.0003142269852105528,40
652,otherwise,0.0008286909433081746,40
653,tom,0.06061343476176262,41
654,brady,0.03459470719099045,41
655,is,0.1365797221660614,41
656,over,0.4047347605228424,41
657,##rated,0.27140071988105774,41
658,.,0.020745899528265,41
659,i,0.07903903722763062,42
660,am,0.03532469645142555,42
661,literally,0.06119716167449951,42
662,the,0.008495346643030643,42
663,best,0.0336197093129158,42
664,person,0.022052288055419922,42
665,alive,0.040809210389852524,42
666,there,0.05914239585399628,43
667,is,0.02050269953906536,43
668,no,0.02687644399702549,43
669,war,0.023400919511914253,43
670,in,0.005699758417904377,43
671,ba,0.02360134944319725,43
672,sing,0.015318541787564754,43
673,se,0.03792891651391983,43
674,loyalists,0.08113805949687958,44
675,to,0.026425695046782494,44
676,president,0.07483550161123276,44
677,trump,0.015918554738163948,44
678,are,0.060622163116931915,44
679,increasingly,0.0733739584684372,44
680,relying,0.011539740487933159,44
681,on,0.0009292074246332049,44
682,conspiracy,0.02827184833586216,44
683,theories,0.005586689338088036,44
684,and,0.0032809567637741566,44
685,mis,0.009421125054359436,44
686,##in,0.009308979846537113,44
687,##form,0.009198733605444431,44
688,##ation,0.010071576572954655,44
689,drawing,0.009848590940237045,44
690,false,0.16792188584804535,44
691,equivalence,0.013600376434624195,44
692,with,0.0005897338851355016,44
693,last,0.004438451025635004,44
694,summer,0.002025884808972478,44
695,',0.0005126140313223004,44
696,s,0.0008136980468407273,44
697,racial,0.023222070187330246,44
698,protests,0.0066314623691141605,44
699,and,0.001187825226224959,44
700,blaming,0.02730029635131359,44
701,outside,0.026219965890049934,44
702,ag,0.07684669643640518,44
703,##ita,0.027455870062112808,44
704,##tors,0.015149876475334167,44
705,the,0.028404630720615387,45
706,united,0.004217303823679686,45
707,states,0.0025985243264585733,45
708,has,0.11604629456996918,45
709,the,0.005911550484597683,45
710,largest,0.008236268535256386,45
711,gdp,0.004005745984613895,45
712,and,0.001929316553287208,45
713,school,0.00790331233292818,45
714,debt,0.006606696173548698,45
715,in,0.0013858526945114136,45
716,the,0.001304422039538622,45
717,world,0.015126735903322697,45
718,super,0.009767498821020126,46
719,smash,0.00034998985938727856,46
720,bros,0.00023378469632007182,46
721,brawl,0.0006746057188138366,46
722,is,0.027633963152766228,46
723,superior,0.7197441458702087,46
724,to,0.0009582639904692769,46
725,super,0.0004056395264342427,46
726,smash,0.0002861949324142188,46
727,bros,0.00035201164428144693,46
728,ultimate,0.0017251914832741022,46
729,the,0.029215825721621513,47
730,summit,0.021512167528271675,47
731,with,0.00871537160128355,47
732,russia,0.037827275693416595,47
733,was,0.015196690335869789,47
734,a,0.005521270912140608,47
735,great,0.030077388510107994,47
736,success,0.008437423966825008,47
737,except,0.023841582238674164,47
738,with,0.005032273009419441,47
739,the,0.006608984433114529,47
740,real,0.14880253374576569,47
741,enemy,0.18395933508872986,47
742,the,0.010136180557310581,47
743,fake,0.19980047643184662,47
744,news,0.017963232472538948,47
745,media,0.01319943554699421,47
746,his,0.04592736065387726,48
747,campaign,0.0061283721588552,48
748,plans,0.005821838974952698,48
749,to,0.0004750158987008035,48
750,launch,0.0045013087801635265,48
751,its,0.0016007120721042156,48
752,own,0.004082808271050453,48
753,app,0.015592295676469803,48
754,soon,0.04923735558986664,48
755,professional,0.3230806291103363,48
756,##izing,0.15824653208255768,48
757,its,0.006943114567548037,48
758,operation,0.008805060759186745,48
759,to,0.002089236630126834,48
760,track,0.008664248511195183,48
761,‘,0.030868159607052803,48
762,the,0.005350184161216021,48
763,army,0.008610974997282028,48
764,of,0.0011807031696662307,48
765,trump,0.021459458395838737,48
766,’,0.09823448956012726,48
767,and,0.004308123141527176,48
768,keep,0.017603151500225067,48
769,supporters,0.010679303668439388,48
770,dona,0.009152884595096111,48
771,##ting,0.010671599768102169,48
772,volunteer,0.00646376796066761,48
773,##ing,0.002078730845823884,48
774,and,0.0008903789566829801,48
775,recruiting,0.006531645078212023,48
776,.,0.002937130630016327,48
777,the,0.05265866219997406,49
778,best,0.050772566348314285,49
779,decision,0.0071613783948123455,49
780,to,0.0014267979422584176,49
781,make,0.0016543800011277199,49
782,is,0.03952419385313988,49
783,the,0.01746472716331482,49
784,one,0.02500303089618683,49
785,everyone,0.235635444521904,49
786,hates,0.25103285908699036,49
787,.,0.011835066601634026,49
788,the,0.03844822943210602,50
789,apollo,0.0014976684469729662,50
790,11,0.0018746386049315333,50
791,moon,0.002592844422906637,50
792,landing,0.007191901560872793,50
793,was,0.19080135226249695,50
794,a,0.06549333035945892,50
795,hoax,0.3118344247341156,50
796,there,0.01579422317445278,51
797,are,0.0030772618483752012,51
798,many,0.01745164953172207,51
799,elderly,0.0165383480489254,51
800,people,0.005323103629052639,51
801,in,0.0008915623766370118,51
802,our,0.7349614500999451,51
803,town,0.012693272903561592,51
804,.,0.0010327721247449517,51
805,i,0.05635282024741173,52
806,do,0.01198030635714531,52
807,not,0.005699599161744118,52
808,recall,0.017404606565833092,52
809,any,0.006391914561390877,52
810,case,0.011160110123455524,52
811,where,0.004051701165735722,52
812,this,0.01745167188346386,52
813,huge,0.22464945912361145,52
814,amount,0.007275323383510113,52
815,of,0.002170365070924163,52
816,criminal,0.08111509680747986,52
817,-,0.04652658477425575,52
818,infrastructure,0.04214940220117569,52
819,data,0.021607903763651848,52
820,was,0.008641485124826431,52
821,gathered,0.022960972040891647,52
822,the,0.05071118474006653,53
823,election,0.014517073519527912,53
824,was,0.03936561197042465,53
825,stolen,0.08045651018619537,53
826,and,0.016818564385175705,53
827,fraudulent,0.055082451552152634,53
828,!,0.07293212413787842,53
829,b,0.04656140133738518,54
830,##lat,0.9580124616622925,54
831,##ant,0.8887752890586853,54
832,cognitive,0.002373291179537773,54
833,bias,0.005505215376615524,54
834,##es,0.005813804920762777,54
835,and,0.0007189807947725058,54
836,regular,0.004471130203455687,54
837,informal,0.0017363406950607896,54
838,fall,0.00431640911847353,54
839,##acy,0.005646353587508202,54
840,are,0.0017861962551251054,54
841,far,0.01864747703075409,54
842,too,0.005411235149949789,54
843,common,0.0009092820109799504,54
844,in,0.0002907581510953605,54
845,political,0.006781360600143671,54
846,discourse,0.00143378262873739,54
847,i,0.08161552250385284,55
848,am,0.04887537285685539,55
849,the,0.013857768848538399,55
850,most,0.01889900490641594,55
851,respected,0.07500363141298294,55
852,philosopher,0.039017535746097565,55
853,of,0.008362066932022572,55
854,all,0.04006800800561905,55
855,time,0.02695842832326889,55
856,the,0.04521353170275688,56
857,united,0.0036791220773011446,56
858,states,0.002610736060887575,56
859,is,0.1078813448548317,56
860,the,0.010154136456549168,56
861,strongest,0.10544458031654358,56
862,and,0.006944488734006882,56
863,richest,0.01841641589999199,56
864,country,0.007054687477648258,56
865,in,0.001360524445772171,56
866,the,0.0009641842334531248,56
867,world,0.00644108047708869,56
868,!,0.1967788189649582,56
869,boston,0.06625443696975708,57
870,university,0.042665161192417145,57
871,is,0.04755682498216629,57
872,a,0.017791444435715675,57
873,great,0.13739214837551117,57
874,and,0.02724136970937252,57
875,educational,0.019691381603479385,57
876,institution,0.030441511422395706,57
877,pol,0.05753101408481598,58
878,##itic,0.008328985422849655,58
879,##o,0.02457687258720398,58
880,using,0.0784788727760315,58
881,activism,0.12471074610948563,58
882,in,0.00235480978153646,58
883,effort,0.02043328806757927,58
884,to,0.0005974654923193157,58
885,cancel,0.04769519343972206,58
886,conservative,0.31702300906181335,58
887,event,0.025553520768880844,58
888,(,0.0007127600838430226,58
889,this,0.002773652086034417,58
890,is,0.002076373202726245,58
891,a,0.0023302577901631594,58
892,fox,0.0017783306539058685,58
893,news,0.0009503120672889054,58
894,headline,0.016010267660021782,58
895,),0.0010098307393491268,58
896,green,0.04576951637864113,59
897,house,0.006585933733731508,59
898,gas,0.012548782862722874,59
899,##ses,0.006092229392379522,59
900,will,0.1423231065273285,59
901,bring,0.004922335036098957,59
902,about,0.0017517304513603449,59
903,fundamental,0.057824231684207916,59
904,changes,0.004026596900075674,59
905,to,0.0015674133319407701,59
906,the,0.0019196138018742204,59
907,world,0.024777786806225777,59
908,.,0.00589227257296443,59
909,the,0.04931826889514923,60
910,cap,0.03759754076600075,60
911,shot,0.06282578408718109,60
912,the,0.010760659351944923,60
913,dog,0.27878260612487793,60
914,with,0.036529846489429474,60
915,the,0.003683251328766346,60
916,collar,0.02238246612250805,60
917,.,0.00424073776230216,60
918,wee,0.0035465536639094353,61
919,##zer,0.0021887398324906826,61
920,and,0.0002678533492144197,61
921,green,0.00043208064744248986,61
922,day,0.00029718989389948547,61
923,are,0.004841736983507872,61
924,both,0.001336215646006167,61
925,bad,0.9867475032806396,61
